[{"civilite":"M.","nom":"AUTARD","prenom":"SIMON"},
{"civilite":"M.","nom":"AVET","prenom":"ALEXIS"},
{"civilite":"M.","nom":"BERNARD","prenom":"MAXIME"},
{"civilite":"M.","nom":"BOINAHADJI","prenom":"FAHADE"},
{"civilite":"M.","nom":"BOUILLE","prenom":"ALEXANDRE"},
{"civilite":"M.","nom":"BROUTIN","prenom":"BRANDON"},
{"civilite":"M.","nom":"CABROLIER","prenom":"NICOLAS"},
{"civilite":"M.","nom":"DUVAL","prenom":"QUENTIN"},
{"civilite":"M.","nom":"FAMECHON","prenom":"HUGO"},
{"civilite":"M.","nom":"FAUCHIER","prenom":"LUCAS"},
{"civilite":"M.","nom":"FILLOLS","prenom":"THOMAS"},
{"civilite":"M.","nom":"FINANCE","prenom":"AURELIEN"},
{"civilite":"M.","nom":"FORET","prenom":"BRANDON"},
{"civilite":"Mme","nom":"GRENIER","prenom":"LYSANDRA"},
{"civilite":"M.","nom":"GUERIN","prenom":"REMI"},
{"civilite":"M.","nom":"HAMANN","prenom":"CLEMENT"},
{"civilite":"M.","nom":"HERBIN","prenom":"RAMA"},
{"civilite":"M.","nom":"HOCHET","prenom":"DYLAN"},
{"civilite":"M.","nom":"MARTINEZ","prenom":"THOMAS"},
{"civilite":"M.","nom":"MAURER","prenom":"MICKAEL"},
{"civilite":"M.","nom":"NAVARRO","prenom":"ANTHONY"},
{"civilite":"M.","nom":"PALOTY","prenom":"ENZO"},
{"civilite":"M.","nom":"PELLAN","prenom":"FLORIAN"},
{"civilite":"M.","nom":"REBATET","prenom":"FABIEN"},
{"civilite":"M.","nom":"SAVARY","prenom":"YONIS"},
{"civilite":"M.","nom":"SERRIERES MANIECKI","prenom":"MATHIS"},
{"civilite":"M.","nom":"TERRENO","prenom":"ROMAIN"},
{"civilite":"M.","nom":"VATIN","prenom":"ALEXIS"}]
